user_id,upn,enabled,disabled_at,exception_key,last_sign_in,source
u-0001,lucas.ashcroft@asteria.invalid,true,,,2026-07-14T07:00:00Z,entra-id
u-0002,nathan.haddad@asteria.invalid,true,,,2026-07-24T01:00:00Z,entra-id
u-0003,lucas.okafor@asteria.invalid,true,,,2026-07-11T22:00:00Z,entra-id
u-0004,hugo.ellery@asteria.invalid,true,,,2026-07-25T23:00:00Z,entra-id
u-0005,ruby.kaiser@asteria.invalid,true,,,2026-07-17T08:00:00Z,entra-id
u-0006,paul.weber@asteria.invalid,true,,,2026-07-18T22:00:00Z,entra-id
u-0007,nathan.nakamura@asteria.invalid,true,,,2026-07-13T04:00:00Z,entra-id
u-0008,paul.novak@asteria.invalid,true,,,2026-07-16T23:00:00Z,entra-id
u-0009,kenji.beaumont@asteria.invalid,true,,,2026-07-11T09:00:00Z,entra-id
u-0010,amelia.hartley@asteria.invalid,false,2026-06-06T01:00:00Z,,2026-06-05T22:00:00Z,entra-id
u-0011,ethan.whitfield@asteria.invalid,true,,,2026-07-12T05:00:00Z,entra-id
u-0012,liam.haddad@asteria.invalid,true,,,2026-07-28T07:00:00Z,entra-id
u-0013,ines.robin@asteria.invalid,true,,,2026-07-30T05:00:00Z,entra-id
u-0014,arjun.moreau@asteria.invalid,true,,,2026-07-13T07:00:00Z,entra-id
u-0015,paul.okafor@asteria.invalid,true,,,2026-07-21T06:00:00Z,entra-id
u-0016,gabriel.pemberton@asteria.invalid,true,,,2026-07-28T23:00:00Z,entra-id
u-0017,chloe.fontaine@asteria.invalid,true,,,2026-07-17T21:00:00Z,entra-id
u-0018,omar.kaiser@asteria.invalid,true,,,2026-07-26T07:00:00Z,entra-id
u-0019,anna.ferreira@asteria.invalid,true,,,2026-07-20T02:00:00Z,entra-id
u-0020,ethan.novak@asteria.invalid,true,,,2026-07-13T06:00:00Z,entra-id
u-0021,lena.bernard@asteria.invalid,true,,,2026-07-25T07:00:00Z,entra-id
u-0022,paul.lefevre@asteria.invalid,true,,,2026-07-22T00:00:00Z,entra-id
u-0023,emma.chevalier@asteria.invalid,true,,,2026-07-14T05:00:00Z,entra-id
u-0024,hugo.ferreira@asteria.invalid,true,,,2026-07-20T06:00:00Z,entra-id
u-0025,grace.masson@asteria.invalid,false,2026-05-25T09:00:00Z,,2026-05-24T17:00:00Z,entra-id
u-0026,marie.moreau@asteria.invalid,true,,,2026-07-26T06:00:00Z,entra-id
u-0027,omar.chevalier@asteria.invalid,true,,,2026-07-29T07:00:00Z,entra-id
u-0028,emma.kowalski@asteria.invalid,true,,,2026-07-15T22:00:00Z,entra-id
u-0029,anna.larkin@asteria.invalid,true,,,2026-07-13T00:00:00Z,entra-id
u-0030,ava.adeyemi@asteria.invalid,true,,,2026-07-20T05:00:00Z,entra-id
u-0031,sana.beaumont@asteria.invalid,false,2026-06-25T23:00:00Z,,2026-06-25T20:00:00Z,entra-id
u-0032,isla.larsen@asteria.invalid,true,,,2026-07-22T06:00:00Z,entra-id
u-0033,elias.sommer@asteria.invalid,true,,,2026-07-14T01:00:00Z,entra-id
u-0034,nathan.sato@asteria.invalid,true,,,2026-07-24T01:00:00Z,entra-id
u-0035,nora.adeyemi@asteria.invalid,true,,,2026-07-18T23:00:00Z,entra-id
u-0036,sofia.novak@asteria.invalid,true,,,2026-07-21T07:00:00Z,entra-id
u-0037,ethan.sato@asteria.invalid,true,,,2026-07-20T08:00:00Z,entra-id
u-0038,maya.bianchi@asteria.invalid,true,,,2026-07-23T05:00:00Z,entra-id
u-0039,grace.sommer@asteria.invalid,true,,,2026-07-16T01:00:00Z,entra-id
u-0040,omar.masson@asteria.invalid,true,,,2026-07-30T07:00:00Z,entra-id
u-0041,noah.bernard@asteria.invalid,true,,,2026-07-27T22:00:00Z,entra-id
u-0042,lucas.nakamura@asteria.invalid,true,,,2026-07-20T05:00:00Z,entra-id
u-0043,george.hoffmann@asteria.invalid,true,,,2026-07-19T23:00:00Z,entra-id
u-0044,kenji.moreau@asteria.invalid,true,,,2026-07-20T00:00:00Z,entra-id
u-0045,emma.costa@asteria.invalid,true,,,2026-07-13T08:00:00Z,entra-id
u-0046,aisha.bouchard@asteria.invalid,true,,,2026-07-11T21:00:00Z,entra-id
u-0047,oscar.bergman@asteria.invalid,true,,,2026-07-28T08:00:00Z,entra-id
u-0048,marie.costa@asteria.invalid,true,,,2026-07-30T06:00:00Z,entra-id
u-0049,ethan.ellery@asteria.invalid,true,,,2026-07-25T03:00:00Z,entra-id
u-0050,arjun.masson@asteria.invalid,true,,,2026-07-29T02:00:00Z,entra-id
u-0051,zoe.whitfield@asteria.invalid,true,,,2026-07-12T22:00:00Z,entra-id
u-0052,ruby.weber@asteria.invalid,true,,,2026-07-14T05:00:00Z,entra-id
u-0053,yuki.fontaine@asteria.invalid,true,,,2026-07-18T03:00:00Z,entra-id
u-0054,chloe.ferreira@asteria.invalid,false,2026-05-13T00:00:00Z,,2026-05-12T18:00:00Z,entra-id
u-0055,felix.rossi@asteria.invalid,true,,,2026-07-30T02:00:00Z,entra-id
u-0056,nora.moreau@asteria.invalid,true,,,2026-07-19T06:00:00Z,entra-id
u-0057,felix.okafor@asteria.invalid,true,,,2026-07-26T06:00:00Z,entra-id
u-0058,jonas.kaiser@asteria.invalid,true,,,2026-07-23T00:00:00Z,entra-id
u-0059,lena.weber@asteria.invalid,true,,,2026-07-27T21:00:00Z,entra-id
u-0060,lina.hartley@asteria.invalid,true,,,2026-07-28T06:00:00Z,entra-id
u-0061,zoe.chevalier@asteria.invalid,true,,,2026-07-30T06:00:00Z,entra-id
u-0062,elias.brandt@asteria.invalid,true,,,2026-07-28T21:00:00Z,entra-id
u-0063,ethan.carlisle@asteria.invalid,true,,,2026-07-22T01:00:00Z,entra-id
u-0064,isla.weber@asteria.invalid,true,,,2026-07-14T06:00:00Z,entra-id
u-0065,lucas.hoffmann@asteria.invalid,true,,,2026-07-28T08:00:00Z,entra-id
u-0066,sana.robin@asteria.invalid,true,,,2026-07-12T09:00:00Z,entra-id
u-0067,ines.larkin@asteria.invalid,true,,,2026-07-14T23:00:00Z,entra-id
u-0068,gabriel.masson@asteria.invalid,true,,,2026-07-18T07:00:00Z,entra-id
u-0069,rohan.ashcroft@asteria.invalid,true,,,2026-07-15T04:00:00Z,entra-id
u-0070,hugo.fontaine@asteria.invalid,true,,,2026-07-24T04:00:00Z,entra-id
u-0071,nadia.bernard@asteria.invalid,true,,,2026-07-19T00:00:00Z,entra-id
u-0072,mathis.kaiser@asteria.invalid,true,,,2026-07-27T23:00:00Z,entra-id
u-0073,leo.pemberton@asteria.invalid,true,,,2026-07-28T06:00:00Z,entra-id
u-0074,priya.bernard@asteria.invalid,true,,,2026-07-17T23:00:00Z,entra-id
u-0075,ines.kaiser@asteria.invalid,true,,,2026-07-11T01:00:00Z,entra-id
u-0076,owen.hoffmann@asteria.invalid,true,,,2026-07-17T06:00:00Z,entra-id
u-0077,omar.sommer@asteria.invalid,false,2026-05-05T05:00:00Z,,2026-05-04T23:00:00Z,entra-id
u-0078,rohan.kowalski@asteria.invalid,true,,,2026-07-17T22:00:00Z,entra-id
u-0079,caleb.bernard@asteria.invalid,true,,,2026-07-31T00:00:00Z,entra-id
u-0080,anna.lefevre@asteria.invalid,true,,,2026-07-17T06:00:00Z,entra-id
u-0081,ines.ferreira@asteria.invalid,true,,,2026-07-29T04:00:00Z,entra-id
u-0082,emma.nakamura@asteria.invalid,true,,,2026-07-23T04:00:00Z,entra-id
u-0083,harry.costa@asteria.invalid,true,,,2026-07-11T04:00:00Z,entra-id
u-0084,tariq.moreau@asteria.invalid,true,,,2026-07-23T22:00:00Z,entra-id
u-0085,felix.ellery@asteria.invalid,true,,,2026-07-20T21:00:00Z,entra-id
u-0086,jade.masson@asteria.invalid,true,,,2026-07-29T01:00:00Z,entra-id
u-0087,nathan.raman@asteria.invalid,true,,,2026-07-23T02:00:00Z,entra-id
u-0088,isla.ellery@asteria.invalid,true,,,2026-07-20T08:00:00Z,entra-id
u-0089,jonas.larsen@asteria.invalid,true,,,2026-07-17T09:00:00Z,entra-id
u-0090,rohan.novak@asteria.invalid,true,,,2026-07-24T01:00:00Z,entra-id
u-0091,harry.adeyemi@asteria.invalid,true,,,2026-07-13T06:00:00Z,entra-id
u-0092,lucas.brandt@asteria.invalid,true,,,2026-07-25T09:00:00Z,entra-id
u-0093,jade.girard@asteria.invalid,true,,,2026-07-30T01:00:00Z,entra-id
u-0094,jade.bouchard@asteria.invalid,true,,,2026-07-31T09:00:00Z,entra-id
u-0095,ruby.hoffmann@asteria.invalid,true,,,2026-07-28T07:00:00Z,entra-id
u-0096,rohan.nakamura@asteria.invalid,true,,,2026-07-19T07:00:00Z,entra-id
u-0097,isaac.bouchard@asteria.invalid,true,,,2026-07-14T00:00:00Z,entra-id
u-0098,olivia.bergman@asteria.invalid,true,,,2026-07-30T23:00:00Z,entra-id
u-0099,emma.bouchard@asteria.invalid,true,,,2026-07-16T05:00:00Z,entra-id
u-0100,lena.moreau@asteria.invalid,true,,,2026-07-13T08:00:00Z,entra-id
u-0101,marie.robin@asteria.invalid,true,,,2026-07-19T09:00:00Z,entra-id
u-0102,ava.haddad@asteria.invalid,true,,,2026-07-31T03:00:00Z,entra-id
u-0103,caleb.okafor@asteria.invalid,true,,,2026-07-18T08:00:00Z,entra-id
u-0104,nadia.ellery@asteria.invalid,true,,,2026-07-29T03:00:00Z,entra-id
u-0105,tariq.whitfield@asteria.invalid,true,,,2026-07-20T03:00:00Z,entra-id
u-0106,nora.fontaine@asteria.invalid,true,,,2026-07-11T02:00:00Z,entra-id
u-0107,noah.lorenz@asteria.invalid,true,,,2026-07-31T00:00:00Z,entra-id
u-0108,isla.brandt@asteria.invalid,true,,,2026-07-13T06:00:00Z,entra-id
u-0109,marie.ellery@asteria.invalid,true,,,2026-07-19T00:00:00Z,entra-id
u-0110,olivia.raman@asteria.invalid,true,,,2026-07-10T21:00:00Z,entra-id
u-0111,liam.sato@asteria.invalid,false,2026-05-09T05:00:00Z,,2026-05-08T20:00:00Z,entra-id
u-0112,sofia.pemberton@asteria.invalid,true,,,2026-07-14T02:00:00Z,entra-id
u-0113,jonas.whitfield@asteria.invalid,true,,,2026-07-15T07:00:00Z,entra-id
u-0114,mia.schulz@asteria.invalid,true,,,2026-07-27T04:00:00Z,entra-id
u-0115,isaac.ferreira@asteria.invalid,true,,,2026-07-28T21:00:00Z,entra-id
u-0116,emma.schulz@asteria.invalid,true,,,2026-07-31T07:00:00Z,entra-id
u-0117,isla.robin@asteria.invalid,true,,,2026-07-17T01:00:00Z,entra-id
u-0118,grace.hartley@asteria.invalid,true,,,2026-07-24T03:00:00Z,entra-id
u-0119,owen.okafor@asteria.invalid,true,,,2026-07-29T01:00:00Z,entra-id
u-0120,isaac.haddad@asteria.invalid,true,,,2026-07-13T01:00:00Z,entra-id
u-0121,emma.girard@asteria.invalid,true,,,2026-07-14T22:00:00Z,entra-id
u-0122,lucas.hartley@asteria.invalid,true,,,2026-07-27T23:00:00Z,entra-id
u-0123,george.fontaine@asteria.invalid,true,,,2026-07-20T05:00:00Z,entra-id
u-0124,louis.haddad@asteria.invalid,true,,,2026-07-12T22:00:00Z,entra-id
u-0125,amelie.nakamura@asteria.invalid,true,,,2026-07-18T00:00:00Z,entra-id
u-0126,hugo.bergman@asteria.invalid,true,,,2026-07-25T06:00:00Z,entra-id
u-0127,rohan.larkin@asteria.invalid,true,,,2026-07-22T01:00:00Z,entra-id
u-0128,liam.fontaine@asteria.invalid,true,,,2026-07-16T21:00:00Z,entra-id
u-0129,owen.girard@asteria.invalid,true,,,2026-07-17T08:00:00Z,entra-id
u-0130,owen.sato@asteria.invalid,true,,,2026-07-21T02:00:00Z,entra-id
u-0131,isla.pemberton@asteria.invalid,true,,,2026-07-29T08:00:00Z,entra-id
u-0132,sana.lorenz@asteria.invalid,true,,,2026-07-21T00:00:00Z,entra-id
u-0133,lina.whitfield@asteria.invalid,false,2026-06-10T05:00:00Z,,2026-06-09T21:00:00Z,entra-id
u-0134,arjun.okafor@asteria.invalid,true,,,2026-07-11T07:00:00Z,entra-id
u-0135,george.moreau@asteria.invalid,true,,,2026-07-12T06:00:00Z,entra-id
u-0136,paul.kowalski@asteria.invalid,true,,,2026-07-31T07:00:00Z,entra-id
u-0137,jade.hartley@asteria.invalid,true,,,2026-07-18T22:00:00Z,entra-id
u-0138,liam.kaiser@asteria.invalid,false,2026-05-28T20:00:00Z,,2026-05-28T19:00:00Z,entra-id
u-0139,harry.larsen@asteria.invalid,false,2026-06-13T23:00:00Z,,2026-06-13T21:00:00Z,entra-id
u-0140,elias.ashcroft@asteria.invalid,true,,,2026-07-13T06:00:00Z,entra-id
u-0141,yuki.novak@asteria.invalid,true,,,2026-07-16T00:00:00Z,entra-id
u-0142,priya.masson@asteria.invalid,true,,,2026-07-21T06:00:00Z,entra-id
u-0143,ines.fontaine@asteria.invalid,true,,,2026-07-28T21:00:00Z,entra-id
u-0144,amelia.weber@asteria.invalid,true,,,2026-07-28T05:00:00Z,entra-id
u-0145,maya.weber@asteria.invalid,true,,,2026-07-12T03:00:00Z,entra-id
u-0146,amelie.pemberton@asteria.invalid,true,,,2026-07-28T00:00:00Z,entra-id
u-0147,nora.lorenz@asteria.invalid,true,,,2026-07-23T22:00:00Z,entra-id
u-0148,ines.adeyemi@asteria.invalid,true,,EXC-IAM-004,2026-07-09T08:05:00Z,entra-id
u-0149,ava.costa@asteria.invalid,true,,,2026-07-24T22:00:00Z,entra-id
u-0150,olivia.lorenz@asteria.invalid,true,,,2026-07-31T06:00:00Z,entra-id
u-0151,louis.schulz@asteria.invalid,true,,,2026-07-31T00:00:00Z,entra-id
u-0152,arjun.brandt@asteria.invalid,true,,,2026-07-28T02:00:00Z,entra-id
u-0153,harry.carlisle@asteria.invalid,true,,,2026-07-26T05:00:00Z,entra-id
u-0154,nora.bergman@asteria.invalid,true,,,2026-07-13T07:00:00Z,entra-id
u-0155,ines.hartley@asteria.invalid,false,2026-06-02T10:00:00Z,,2026-06-01T18:00:00Z,entra-id
u-0156,olivia.adeyemi@asteria.invalid,true,,,2026-07-26T08:00:00Z,entra-id
u-0157,aisha.beaumont@asteria.invalid,true,,,2026-07-29T05:00:00Z,entra-id
u-0158,ruby.nakamura@asteria.invalid,true,,,2026-07-22T02:00:00Z,entra-id
u-0159,amelie.iyer@asteria.invalid,true,,,2026-07-25T03:00:00Z,entra-id
u-0160,jade.sato@asteria.invalid,true,,,2026-07-23T05:00:00Z,entra-id
u-0161,leo.iyer@asteria.invalid,true,,,2026-07-11T02:00:00Z,entra-id
u-0162,zoe.iyer@asteria.invalid,true,,,2026-07-24T07:00:00Z,entra-id
u-0163,nadia.hartley@asteria.invalid,true,,,2026-07-24T06:00:00Z,entra-id
u-0164,omar.raman@asteria.invalid,true,,,2026-07-13T23:00:00Z,entra-id
u-0165,jonas.hartley@asteria.invalid,false,2026-07-08T14:00:00Z,,2026-07-07T21:00:00Z,entra-id
u-0166,ethan.haddad@asteria.invalid,false,2026-07-03T22:00:00Z,,2026-07-03T20:00:00Z,entra-id
u-0167,zoe.brandt@asteria.invalid,true,,,2026-07-16T23:00:00Z,entra-id
u-0168,isaac.okafor@asteria.invalid,false,2026-06-22T13:00:00Z,,2026-06-21T23:00:00Z,entra-id
u-0169,kenji.ferreira@asteria.invalid,false,2026-06-30T05:00:00Z,,2026-06-29T20:00:00Z,entra-id
u-0170,isla.moreau@asteria.invalid,true,,,2026-07-19T00:00:00Z,entra-id
u-0171,hugo.hartley@asteria.invalid,true,,,2026-07-29T23:00:00Z,entra-id
u-0172,jonas.bouchard@asteria.invalid,true,,,2026-07-28T02:00:00Z,entra-id
u-0173,sofia.bianchi@asteria.invalid,true,,,2026-07-12T09:00:00Z,entra-id
u-0174,tariq.hoffmann@asteria.invalid,true,,,2026-07-29T00:00:00Z,entra-id
u-0175,caleb.bergman@asteria.invalid,true,,,2026-07-27T21:00:00Z,entra-id
u-0176,anna.moreau@asteria.invalid,true,,,2026-07-10T23:00:00Z,entra-id
u-0177,aisha.haddad@asteria.invalid,true,,,2026-07-23T04:00:00Z,entra-id
u-0178,felix.iyer@asteria.invalid,true,,,2026-07-19T02:00:00Z,entra-id
u-0179,nadia.carlisle@asteria.invalid,true,,,2026-07-25T07:00:00Z,entra-id
u-0180,oscar.beaumont@asteria.invalid,true,,,2026-07-20T09:00:00Z,entra-id
u-0181,isaac.sommer@asteria.invalid,true,,,2026-07-17T06:00:00Z,entra-id
u-0182,felix.costa@asteria.invalid,true,,,2026-07-26T21:00:00Z,entra-id
u-0183,anna.bernard@asteria.invalid,true,,,2026-07-13T01:00:00Z,entra-id
u-0184,grace.bergman@asteria.invalid,true,,,2026-07-20T05:00:00Z,entra-id
u-0185,caleb.raman@asteria.invalid,true,,,2026-07-11T08:00:00Z,entra-id
u-0186,leo.robin@asteria.invalid,true,,,2026-07-24T06:00:00Z,entra-id
u-0187,louis.okafor@asteria.invalid,false,2026-06-18T03:00:00Z,,2026-06-17T22:00:00Z,entra-id
u-0188,mathis.bernard@asteria.invalid,true,,,2026-07-20T08:00:00Z,entra-id
u-0189,gabriel.fontaine@asteria.invalid,true,,,2026-07-25T07:00:00Z,entra-id
u-0190,harry.pemberton@asteria.invalid,true,,,2026-07-28T06:00:00Z,entra-id
u-0191,lena.bergman@asteria.invalid,true,,,2026-07-19T23:00:00Z,entra-id
u-0192,ethan.raman@asteria.invalid,true,,,2026-07-15T07:00:00Z,entra-id
u-0193,kenji.bouchard@asteria.invalid,true,,,2026-07-17T06:00:00Z,entra-id
u-0194,jade.fontaine@asteria.invalid,true,,,2026-07-21T22:00:00Z,entra-id
u-0195,lucas.pemberton@asteria.invalid,false,2026-05-17T00:00:00Z,,2026-05-16T17:00:00Z,entra-id
u-0196,gabriel.sommer@asteria.invalid,true,,,2026-07-31T03:00:00Z,entra-id
u-0197,nora.robin@asteria.invalid,true,,,2026-07-21T01:00:00Z,entra-id
u-0198,mia.kaiser@asteria.invalid,true,,,2026-07-24T07:00:00Z,entra-id
u-0199,hugo.weber@asteria.invalid,true,,,2026-07-21T09:00:00Z,entra-id
u-0200,hugo.brandt@asteria.invalid,true,,,2026-07-16T00:00:00Z,entra-id
u-0201,isla.bianchi@asteria.invalid,true,,,2026-07-17T21:00:00Z,entra-id
u-0202,george.okafor@asteria.invalid,true,,,2026-07-23T22:00:00Z,entra-id
u-0203,emma.larsen@asteria.invalid,true,,,2026-07-27T01:00:00Z,entra-id
u-0204,leo.hartley@asteria.invalid,true,,,2026-07-30T07:00:00Z,entra-id
u-0205,maya.carlisle@asteria.invalid,true,,,2026-07-19T08:00:00Z,entra-id
u-0206,rohan.sommer@asteria.invalid,true,,,2026-07-26T02:00:00Z,entra-id
u-0207,george.schulz@asteria.invalid,true,,,2026-07-14T22:00:00Z,entra-id
u-0208,gabriel.kuhn@asteria.invalid,true,,,2026-07-27T23:00:00Z,entra-id
u-0209,ruby.larkin@asteria.invalid,true,,,2026-07-13T08:00:00Z,entra-id
u-0210,paul.ferreira@asteria.invalid,true,,,2026-07-20T21:00:00Z,entra-id
u-0211,chloe.adeyemi@asteria.invalid,true,,,2026-07-18T05:00:00Z,entra-id
u-0212,hugo.bianchi@asteria.invalid,true,,,2026-07-21T06:00:00Z,entra-id
u-0213,anna.brandt@asteria.invalid,true,,,2026-07-28T01:00:00Z,entra-id
u-0214,amelia.bernard@asteria.invalid,true,,,2026-07-25T08:00:00Z,entra-id
u-0215,owen.chevalier@asteria.invalid,true,,,2026-07-25T23:00:00Z,entra-id
u-0216,marie.kaiser@asteria.invalid,true,,,2026-07-30T05:00:00Z,entra-id
u-0217,maya.chevalier@asteria.invalid,true,,,2026-07-16T21:00:00Z,entra-id
u-0218,kenji.fontaine@asteria.invalid,true,,,2026-07-31T08:00:00Z,entra-id
u-0219,paul.bernard@asteria.invalid,true,,,2026-07-25T03:00:00Z,entra-id
u-0220,kenji.hartley@asteria.invalid,true,,,2026-07-22T08:00:00Z,entra-id
u-0221,yuki.haddad@asteria.invalid,true,,,2026-07-31T02:00:00Z,entra-id
u-0222,zoe.moreau@asteria.invalid,true,,,2026-07-16T23:00:00Z,entra-id
u-0223,kenji.masson@asteria.invalid,true,,,2026-07-16T09:00:00Z,entra-id
u-0224,louis.hartley@asteria.invalid,true,,,2026-07-16T05:00:00Z,entra-id
u-0225,mathis.whitfield@asteria.invalid,true,,,2026-07-19T22:00:00Z,entra-id
u-0226,owen.fontaine@asteria.invalid,true,,,2026-07-23T09:00:00Z,entra-id
u-0227,ruby.larsen@asteria.invalid,true,,,2026-07-26T05:00:00Z,entra-id
u-0228,yuki.kuhn@asteria.invalid,true,,,2026-07-15T04:00:00Z,entra-id
u-0229,nadia.kaiser@asteria.invalid,true,,,2026-07-13T00:00:00Z,entra-id
u-0230,gabriel.raman@asteria.invalid,true,,,2026-07-12T09:00:00Z,entra-id
u-0231,louis.moreau@asteria.invalid,true,,,2026-07-18T21:00:00Z,entra-id
u-0232,zoe.kuhn@asteria.invalid,true,,,2026-07-25T07:00:00Z,entra-id
u-0233,kenji.schulz@asteria.invalid,true,,,2026-07-12T02:00:00Z,entra-id
u-0234,isaac.lefevre@asteria.invalid,true,,,2026-07-17T01:00:00Z,entra-id
u-0235,arjun.fontaine@asteria.invalid,true,,,2026-07-24T07:00:00Z,entra-id
u-0236,maya.costa@asteria.invalid,true,,,2026-07-13T02:00:00Z,entra-id
u-0237,elias.larkin@asteria.invalid,true,,,2026-07-15T09:00:00Z,entra-id
u-0238,isla.beaumont@asteria.invalid,true,,,2026-07-27T03:00:00Z,entra-id
u-0239,sofia.rossi@asteria.invalid,true,,,2026-07-13T04:00:00Z,entra-id
u-0240,george.sato@asteria.invalid,true,,,2026-07-20T08:00:00Z,entra-id
c-0001,priya.weber@contractor.asteria.invalid,true,,,2026-07-14T21:00:00Z,entra-id
c-0002,maya.kuhn@contractor.asteria.invalid,true,,,2026-07-15T02:00:00Z,entra-id
c-0003,priya.raman@contractor.asteria.invalid,true,,,2026-07-22T11:14:00Z,entra-id
c-0004,ava.iyer@contractor.asteria.invalid,true,,,2026-07-18T07:00:00Z,entra-id
c-0005,sana.larkin@contractor.asteria.invalid,true,,,2026-07-22T05:00:00Z,entra-id
c-0006,priya.brandt@contractor.asteria.invalid,true,,,2026-07-15T08:00:00Z,entra-id
c-0007,anna.okafor@contractor.asteria.invalid,true,,,2026-07-20T03:00:00Z,entra-id
c-0008,lucas.brandt@contractor.asteria.invalid,true,,,2026-07-17T09:00:00Z,entra-id
c-0009,kenji.girard@contractor.asteria.invalid,true,,,2026-07-24T22:00:00Z,entra-id
c-0010,liam.sommer@contractor.asteria.invalid,true,,,2026-07-13T09:00:00Z,entra-id
c-0011,lena.haddad@contractor.asteria.invalid,true,,,2026-07-23T04:00:00Z,entra-id
c-0012,mathis.girard@contractor.asteria.invalid,true,,,2026-07-28T06:00:00Z,entra-id
c-0013,sana.pemberton@contractor.asteria.invalid,true,,,2026-07-27T09:00:00Z,entra-id
c-0014,lucas.pemberton@contractor.asteria.invalid,true,,,2026-07-12T00:00:00Z,entra-id
